clean,noise
clean/image-001.jpg,noise/image-001.jpg
clean/image-002.jpg,noise/image-002.jpg
clean/image-003.jpg,noise/image-003.jpg
clean/image-004.jpg,noise/image-004.jpg
clean/image-005.jpg,noise/image-005.jpg
clean/image-006.jpg,noise/image-006.jpg
clean/image-007.jpg,noise/image-007.jpg
clean/image-008.jpg,noise/image-008.jpg
clean/image-009.jpg,noise/image-009.jpg
clean/image-010.jpg,noise/image-010.jpg
clean/image-011.jpg,noise/image-011.jpg
clean/image-012.jpg,noise/image-012.jpg
clean/image-013.jpg,noise/image-013.jpg
clean/image-014.jpg,noise/image-014.jpg
clean/image-015.jpg,noise/image-015.jpg
clean/image-016.jpg,noise/image-016.jpg
clean/image-017.jpg,noise/image-017.jpg
clean/image-018.jpg,noise/image-018.jpg
clean/image-019.jpg,noise/image-019.jpg
clean/image-020.jpg,noise/image-020.jpg
clean/image-021.jpg,noise/image-021.jpg
clean/image-022.jpg,noise/image-022.jpg
clean/image-023.jpg,noise/image-023.jpg
clean/image-024.jpg,noise/image-024.jpg
clean/image-025.jpg,noise/image-025.jpg
clean/image-026.jpg,noise/image-026.jpg
clean/image-027.jpg,noise/image-027.jpg
clean/image-028.jpg,noise/image-028.jpg
clean/image-029.jpg,noise/image-029.jpg
clean/image-030.jpg,noise/image-030.jpg
clean/image-031.jpg,noise/image-031.jpg
clean/image-032.jpg,noise/image-032.jpg
clean/image-033.jpg,noise/image-033.jpg
clean/image-034.jpg,noise/image-034.jpg
clean/image-035.jpg,noise/image-035.jpg
clean/image-036.jpg,noise/image-036.jpg
clean/image-037.jpg,noise/image-037.jpg
clean/image-038.jpg,noise/image-038.jpg
clean/image-039.jpg,noise/image-039.jpg
clean/image-040.jpg,noise/image-040.jpg
clean/image-041.jpg,noise/image-041.jpg
clean/image-042.jpg,noise/image-042.jpg
clean/image-043.jpg,noise/image-043.jpg
clean/image-044.jpg,noise/image-044.jpg
clean/image-045.jpg,noise/image-045.jpg
clean/image-046.jpg,noise/image-046.jpg
clean/image-047.jpg,noise/image-047.jpg
clean/image-048.jpg,noise/image-048.jpg
clean/image-049.jpg,noise/image-049.jpg
clean/image-050.jpg,noise/image-050.jpg
clean/image-051.jpg,noise/image-051.jpg
clean/image-052.jpg,noise/image-052.jpg
clean/image-053.jpg,noise/image-053.jpg
clean/image-054.jpg,noise/image-054.jpg
clean/image-055.jpg,noise/image-055.jpg
clean/image-056.jpg,noise/image-056.jpg
clean/image-057.jpg,noise/image-057.jpg
clean/image-058.jpg,noise/image-058.jpg
clean/image-059.jpg,noise/image-059.jpg
clean/image-060.jpg,noise/image-060.jpg
clean/image-061.jpg,noise/image-061.jpg
clean/image-062.jpg,noise/image-062.jpg
clean/image-063.jpg,noise/image-063.jpg
clean/image-064.jpg,noise/image-064.jpg
clean/image-065.jpg,noise/image-065.jpg
clean/image-066.jpg,noise/image-066.jpg
clean/image-067.jpg,noise/image-067.jpg
clean/image-068.jpg,noise/image-068.jpg
clean/image-069.jpg,noise/image-069.jpg
clean/image-070.jpg,noise/image-070.jpg
clean/image-071.jpg,noise/image-071.jpg
clean/image-072.jpg,noise/image-072.jpg
clean/image-073.jpg,noise/image-073.jpg
clean/image-074.jpg,noise/image-074.jpg
clean/image-075.jpg,noise/image-075.jpg
clean/image-076.jpg,noise/image-076.jpg
clean/image-077.jpg,noise/image-077.jpg
clean/image-078.jpg,noise/image-078.jpg
clean/image-079.jpg,noise/image-079.jpg
clean/image-080.jpg,noise/image-080.jpg
clean/image-081.jpg,noise/image-081.jpg
clean/image-082.jpg,noise/image-082.jpg
clean/image-083.jpg,noise/image-083.jpg
clean/image-084.jpg,noise/image-084.jpg
clean/image-085.jpg,noise/image-085.jpg
clean/image-086.jpg,noise/image-086.jpg
clean/image-087.jpg,noise/image-087.jpg
clean/image-088.jpg,noise/image-088.jpg
clean/image-089.jpg,noise/image-089.jpg
clean/image-090.jpg,noise/image-090.jpg
clean/image-091.jpg,noise/image-091.jpg
clean/image-092.jpg,noise/image-092.jpg
clean/image-093.jpg,noise/image-093.jpg
clean/image-094.jpg,noise/image-094.jpg
clean/image-095.jpg,noise/image-095.jpg
clean/image-096.jpg,noise/image-096.jpg
clean/image-097.jpg,noise/image-097.jpg
clean/image-098.jpg,noise/image-098.jpg
clean/image-099.jpg,noise/image-099.jpg
clean/image-100.jpg,noise/image-100.jpg
clean/image-101.jpg,noise/image-101.jpg
clean/image-102.jpg,noise/image-102.jpg
clean/image-103.jpg,noise/image-103.jpg
clean/image-104.jpg,noise/image-104.jpg
clean/image-105.jpg,noise/image-105.jpg
clean/image-106.jpg,noise/image-106.jpg
clean/image-107.jpg,noise/image-107.jpg
clean/image-108.jpg,noise/image-108.jpg
clean/image-109.jpg,noise/image-109.jpg
clean/image-110.jpg,noise/image-110.jpg
clean/image-111.jpg,noise/image-111.jpg
clean/image-112.jpg,noise/image-112.jpg
clean/image-113.jpg,noise/image-113.jpg
clean/image-114.jpg,noise/image-114.jpg
clean/image-115.jpg,noise/image-115.jpg
clean/image-116.jpg,noise/image-116.jpg
clean/image-117.jpg,noise/image-117.jpg
clean/image-118.jpg,noise/image-118.jpg
clean/image-119.jpg,noise/image-119.jpg
clean/image-120.jpg,noise/image-120.jpg
clean/image-121.jpg,noise/image-121.jpg
clean/image-122.jpg,noise/image-122.jpg
clean/image-123.jpg,noise/image-123.jpg
clean/image-124.jpg,noise/image-124.jpg
clean/image-125.jpg,noise/image-125.jpg
clean/image-126.jpg,noise/image-126.jpg
clean/image-127.jpg,noise/image-127.jpg
clean/image-128.jpg,noise/image-128.jpg
clean/image-129.jpg,noise/image-129.jpg
clean/image-130.jpg,noise/image-130.jpg
clean/image-131.jpg,noise/image-131.jpg
clean/image-132.jpg,noise/image-132.jpg
clean/image-133.jpg,noise/image-133.jpg
clean/image-134.jpg,noise/image-134.jpg
clean/image-135.jpg,noise/image-135.jpg
clean/image-136.jpg,noise/image-136.jpg
clean/image-137.jpg,noise/image-137.jpg
clean/image-138.jpg,noise/image-138.jpg
clean/image-139.jpg,noise/image-139.jpg
clean/image-140.jpg,noise/image-140.jpg
clean/image-141.jpg,noise/image-141.jpg
clean/image-142.jpg,noise/image-142.jpg
clean/image-143.jpg,noise/image-143.jpg
clean/image-144.jpg,noise/image-144.jpg
clean/image-145.jpg,noise/image-145.jpg
clean/image-146.jpg,noise/image-146.jpg
clean/image-147.jpg,noise/image-147.jpg
clean/image-148.jpg,noise/image-148.jpg
clean/image-149.jpg,noise/image-149.jpg
clean/image-150.jpg,noise/image-150.jpg
clean/image-151.jpg,noise/image-151.jpg
clean/image-152.jpg,noise/image-152.jpg
clean/image-153.jpg,noise/image-153.jpg
clean/image-154.jpg,noise/image-154.jpg
clean/image-155.jpg,noise/image-155.jpg
clean/image-156.jpg,noise/image-156.jpg
clean/image-157.jpg,noise/image-157.jpg
clean/image-158.jpg,noise/image-158.jpg
clean/image-159.jpg,noise/image-159.jpg
clean/image-160.jpg,noise/image-160.jpg
clean/image-161.jpg,noise/image-161.jpg
clean/image-162.jpg,noise/image-162.jpg
clean/image-163.jpg,noise/image-163.jpg
clean/image-164.jpg,noise/image-164.jpg
clean/image-165.jpg,noise/image-165.jpg
clean/image-166.jpg,noise/image-166.jpg
clean/image-167.jpg,noise/image-167.jpg
clean/image-168.jpg,noise/image-168.jpg
clean/image-169.jpg,noise/image-169.jpg
clean/image-170.jpg,noise/image-170.jpg
clean/image-171.jpg,noise/image-171.jpg
clean/image-172.jpg,noise/image-172.jpg
clean/image-173.jpg,noise/image-173.jpg
clean/image-174.jpg,noise/image-174.jpg
clean/image-175.jpg,noise/image-175.jpg
clean/image-176.jpg,noise/image-176.jpg
clean/image-177.jpg,noise/image-177.jpg
clean/image-178.jpg,noise/image-178.jpg
clean/image-179.jpg,noise/image-179.jpg
clean/image-180.jpg,noise/image-180.jpg
clean/image-181.jpg,noise/image-181.jpg
clean/image-182.jpg,noise/image-182.jpg
clean/image-183.jpg,noise/image-183.jpg
clean/image-184.jpg,noise/image-184.jpg
clean/image-185.jpg,noise/image-185.jpg
clean/image-186.jpg,noise/image-186.jpg
clean/image-187.jpg,noise/image-187.jpg
clean/image-188.jpg,noise/image-188.jpg
clean/image-189.jpg,noise/image-189.jpg
clean/image-190.jpg,noise/image-190.jpg
clean/image-191.jpg,noise/image-191.jpg
clean/image-192.jpg,noise/image-192.jpg
clean/image-193.jpg,noise/image-193.jpg
clean/image-194.jpg,noise/image-194.jpg
clean/image-195.jpg,noise/image-195.jpg
clean/image-196.jpg,noise/image-196.jpg
clean/image-197.jpg,noise/image-197.jpg
clean/image-198.jpg,noise/image-198.jpg
clean/image-199.jpg,noise/image-199.jpg
clean/image-200.jpg,noise/image-200.jpg
clean/image-201.jpg,noise/image-201.jpg
clean/image-202.jpg,noise/image-202.jpg
clean/image-203.jpg,noise/image-203.jpg
clean/image-204.jpg,noise/image-204.jpg
clean/image-205.jpg,noise/image-205.jpg
clean/image-206.jpg,noise/image-206.jpg
clean/image-207.jpg,noise/image-207.jpg
clean/image-208.jpg,noise/image-208.jpg
clean/image-209.jpg,noise/image-209.jpg
clean/image-210.jpg,noise/image-210.jpg
clean/image-211.jpg,noise/image-211.jpg
clean/image-212.jpg,noise/image-212.jpg
clean/image-213.jpg,noise/image-213.jpg
clean/image-214.jpg,noise/image-214.jpg
clean/image-215.jpg,noise/image-215.jpg
clean/image-216.jpg,noise/image-216.jpg
clean/image-217.jpg,noise/image-217.jpg
clean/image-218.jpg,noise/image-218.jpg
clean/image-219.jpg,noise/image-219.jpg
clean/image-220.jpg,noise/image-220.jpg
clean/image-221.jpg,noise/image-221.jpg
clean/image-222.jpg,noise/image-222.jpg
clean/image-223.jpg,noise/image-223.jpg
clean/image-224.jpg,noise/image-224.jpg
clean/image-225.jpg,noise/image-225.jpg
clean/image-226.jpg,noise/image-226.jpg
clean/image-227.jpg,noise/image-227.jpg
clean/image-228.jpg,noise/image-228.jpg
clean/image-229.jpg,noise/image-229.jpg
clean/image-230.jpg,noise/image-230.jpg
clean/image-231.jpg,noise/image-231.jpg
clean/image-232.jpg,noise/image-232.jpg
clean/image-233.jpg,noise/image-233.jpg
clean/image-234.jpg,noise/image-234.jpg
clean/image-235.jpg,noise/image-235.jpg
clean/image-236.jpg,noise/image-236.jpg
clean/image-237.jpg,noise/image-237.jpg
clean/image-238.jpg,noise/image-238.jpg
clean/image-239.jpg,noise/image-239.jpg
clean/image-240.jpg,noise/image-240.jpg
clean/image-241.jpg,noise/image-241.jpg
clean/image-242.jpg,noise/image-242.jpg
clean/image-243.jpg,noise/image-243.jpg
clean/image-244.jpg,noise/image-244.jpg
clean/image-245.jpg,noise/image-245.jpg
clean/image-246.jpg,noise/image-246.jpg
clean/image-247.jpg,noise/image-247.jpg
clean/image-248.jpg,noise/image-248.jpg
clean/image-249.jpg,noise/image-249.jpg
clean/image-250.jpg,noise/image-250.jpg
clean/image-251.jpg,noise/image-251.jpg
clean/image-252.jpg,noise/image-252.jpg
clean/image-253.jpg,noise/image-253.jpg
clean/image-254.jpg,noise/image-254.jpg
clean/image-255.jpg,noise/image-255.jpg
clean/image-256.jpg,noise/image-256.jpg
clean/image-257.jpg,noise/image-257.jpg
clean/image-258.jpg,noise/image-258.jpg
clean/image-259.jpg,noise/image-259.jpg
clean/image-260.jpg,noise/image-260.jpg
clean/image-261.jpg,noise/image-261.jpg
clean/image-262.jpg,noise/image-262.jpg
clean/image-263.jpg,noise/image-263.jpg
clean/image-264.jpg,noise/image-264.jpg
clean/image-265.jpg,noise/image-265.jpg
clean/image-266.jpg,noise/image-266.jpg
clean/image-267.jpg,noise/image-267.jpg
clean/image-268.jpg,noise/image-268.jpg
clean/image-269.jpg,noise/image-269.jpg
clean/image-270.jpg,noise/image-270.jpg
clean/image-271.jpg,noise/image-271.jpg
clean/image-272.jpg,noise/image-272.jpg
clean/image-273.jpg,noise/image-273.jpg
clean/image-274.jpg,noise/image-274.jpg
clean/image-275.jpg,noise/image-275.jpg
clean/image-276.jpg,noise/image-276.jpg
clean/image-277.jpg,noise/image-277.jpg
clean/image-278.jpg,noise/image-278.jpg
clean/image-279.jpg,noise/image-279.jpg
clean/image-280.jpg,noise/image-280.jpg
clean/image-281.jpg,noise/image-281.jpg
clean/image-282.jpg,noise/image-282.jpg
clean/image-283.jpg,noise/image-283.jpg
clean/image-284.jpg,noise/image-284.jpg
clean/image-285.jpg,noise/image-285.jpg
clean/image-286.jpg,noise/image-286.jpg
clean/image-287.jpg,noise/image-287.jpg
clean/image-288.jpg,noise/image-288.jpg
clean/image-289.jpg,noise/image-289.jpg
clean/image-290.jpg,noise/image-290.jpg
clean/image-291.jpg,noise/image-291.jpg
clean/image-292.jpg,noise/image-292.jpg
clean/image-293.jpg,noise/image-293.jpg
clean/image-294.jpg,noise/image-294.jpg
clean/image-295.jpg,noise/image-295.jpg
clean/image-296.jpg,noise/image-296.jpg
clean/image-297.jpg,noise/image-297.jpg
clean/image-298.jpg,noise/image-298.jpg
clean/image-299.jpg,noise/image-299.jpg
clean/image-300.jpg,noise/image-300.jpg
clean/image-301.jpg,noise/image-301.jpg
clean/image-302.jpg,noise/image-302.jpg
clean/image-303.jpg,noise/image-303.jpg
clean/image-304.jpg,noise/image-304.jpg
clean/image-305.jpg,noise/image-305.jpg
clean/image-306.jpg,noise/image-306.jpg
clean/image-307.jpg,noise/image-307.jpg
clean/image-308.jpg,noise/image-308.jpg
clean/image-309.jpg,noise/image-309.jpg
clean/image-310.jpg,noise/image-310.jpg
clean/image-311.jpg,noise/image-311.jpg
clean/image-312.jpg,noise/image-312.jpg
clean/image-313.jpg,noise/image-313.jpg
clean/image-314.jpg,noise/image-314.jpg
clean/image-315.jpg,noise/image-315.jpg
clean/image-316.jpg,noise/image-316.jpg
clean/image-317.jpg,noise/image-317.jpg
clean/image-318.jpg,noise/image-318.jpg
clean/image-319.jpg,noise/image-319.jpg
clean/image-320.jpg,noise/image-320.jpg
clean/image-321.jpg,noise/image-321.jpg
clean/image-322.jpg,noise/image-322.jpg
clean/image-323.jpg,noise/image-323.jpg
clean/image-324.jpg,noise/image-324.jpg
clean/image-325.jpg,noise/image-325.jpg
clean/image-326.jpg,noise/image-326.jpg
clean/image-327.jpg,noise/image-327.jpg
clean/image-328.jpg,noise/image-328.jpg
clean/image-329.jpg,noise/image-329.jpg
clean/image-330.jpg,noise/image-330.jpg
clean/image-331.jpg,noise/image-331.jpg
clean/image-332.jpg,noise/image-332.jpg
clean/image-333.jpg,noise/image-333.jpg
clean/image-334.jpg,noise/image-334.jpg
clean/image-335.jpg,noise/image-335.jpg
clean/image-336.jpg,noise/image-336.jpg
clean/image-337.jpg,noise/image-337.jpg
clean/image-338.jpg,noise/image-338.jpg
clean/image-339.jpg,noise/image-339.jpg
clean/image-340.jpg,noise/image-340.jpg
clean/image-341.jpg,noise/image-341.jpg
clean/image-342.jpg,noise/image-342.jpg
clean/image-343.jpg,noise/image-343.jpg
clean/image-344.jpg,noise/image-344.jpg
clean/image-345.jpg,noise/image-345.jpg
clean/image-346.jpg,noise/image-346.jpg
clean/image-347.jpg,noise/image-347.jpg
clean/image-348.jpg,noise/image-348.jpg
clean/image-349.jpg,noise/image-349.jpg
clean/image-350.jpg,noise/image-350.jpg
clean/image-351.jpg,noise/image-351.jpg
clean/image-352.jpg,noise/image-352.jpg
clean/image-353.jpg,noise/image-353.jpg
clean/image-354.jpg,noise/image-354.jpg
clean/image-355.jpg,noise/image-355.jpg
clean/image-356.jpg,noise/image-356.jpg
clean/image-357.jpg,noise/image-357.jpg
clean/image-358.jpg,noise/image-358.jpg
clean/image-359.jpg,noise/image-359.jpg
clean/image-360.jpg,noise/image-360.jpg
clean/image-361.jpg,noise/image-361.jpg
clean/image-362.jpg,noise/image-362.jpg
clean/image-363.jpg,noise/image-363.jpg
clean/image-364.jpg,noise/image-364.jpg
clean/image-365.jpg,noise/image-365.jpg
clean/image-366.jpg,noise/image-366.jpg
clean/image-367.jpg,noise/image-367.jpg
clean/image-368.jpg,noise/image-368.jpg
clean/image-369.jpg,noise/image-369.jpg
clean/image-370.jpg,noise/image-370.jpg
clean/image-371.jpg,noise/image-371.jpg
clean/image-372.jpg,noise/image-372.jpg
clean/image-373.jpg,noise/image-373.jpg
clean/image-374.jpg,noise/image-374.jpg
clean/image-375.jpg,noise/image-375.jpg
clean/image-376.jpg,noise/image-376.jpg
clean/image-377.jpg,noise/image-377.jpg
clean/image-378.jpg,noise/image-378.jpg
clean/image-379.jpg,noise/image-379.jpg
clean/image-380.jpg,noise/image-380.jpg
clean/image-381.jpg,noise/image-381.jpg
clean/image-382.jpg,noise/image-382.jpg
clean/image-383.jpg,noise/image-383.jpg
clean/image-384.jpg,noise/image-384.jpg
clean/image-385.jpg,noise/image-385.jpg
clean/image-386.jpg,noise/image-386.jpg
clean/image-387.jpg,noise/image-387.jpg
clean/image-388.jpg,noise/image-388.jpg
clean/image-389.jpg,noise/image-389.jpg
clean/image-390.jpg,noise/image-390.jpg
clean/image-391.jpg,noise/image-391.jpg
clean/image-392.jpg,noise/image-392.jpg
clean/image-393.jpg,noise/image-393.jpg
clean/image-394.jpg,noise/image-394.jpg
clean/image-395.jpg,noise/image-395.jpg
clean/image-396.jpg,noise/image-396.jpg
clean/image-397.jpg,noise/image-397.jpg
clean/image-398.jpg,noise/image-398.jpg
clean/image-399.jpg,noise/image-399.jpg
clean/image-400.jpg,noise/image-400.jpg
clean/image-401.jpg,noise/image-401.jpg
clean/image-402.jpg,noise/image-402.jpg
clean/image-403.jpg,noise/image-403.jpg
clean/image-404.jpg,noise/image-404.jpg
clean/image-405.jpg,noise/image-405.jpg
clean/image-406.jpg,noise/image-406.jpg
clean/image-407.jpg,noise/image-407.jpg
clean/image-408.jpg,noise/image-408.jpg
clean/image-409.jpg,noise/image-409.jpg
clean/image-410.jpg,noise/image-410.jpg
clean/image-411.jpg,noise/image-411.jpg
clean/image-412.jpg,noise/image-412.jpg
clean/image-413.jpg,noise/image-413.jpg
clean/image-414.jpg,noise/image-414.jpg
clean/image-415.jpg,noise/image-415.jpg
clean/image-416.jpg,noise/image-416.jpg
clean/image-417.jpg,noise/image-417.jpg
clean/image-418.jpg,noise/image-418.jpg
clean/image-419.jpg,noise/image-419.jpg
clean/image-420.jpg,noise/image-420.jpg
clean/image-421.jpg,noise/image-421.jpg
clean/image-422.jpg,noise/image-422.jpg
clean/image-423.jpg,noise/image-423.jpg
clean/image-424.jpg,noise/image-424.jpg
clean/image-425.jpg,noise/image-425.jpg
clean/image-426.jpg,noise/image-426.jpg
clean/image-427.jpg,noise/image-427.jpg
clean/image-428.jpg,noise/image-428.jpg
clean/image-429.jpg,noise/image-429.jpg
clean/image-430.jpg,noise/image-430.jpg
clean/image-431.jpg,noise/image-431.jpg
clean/image-432.jpg,noise/image-432.jpg
clean/image-433.jpg,noise/image-433.jpg
clean/image-434.jpg,noise/image-434.jpg
clean/image-435.jpg,noise/image-435.jpg
clean/image-436.jpg,noise/image-436.jpg
clean/image-437.jpg,noise/image-437.jpg
clean/image-438.jpg,noise/image-438.jpg
clean/image-439.jpg,noise/image-439.jpg
clean/image-440.jpg,noise/image-440.jpg
clean/image-441.jpg,noise/image-441.jpg
clean/image-442.jpg,noise/image-442.jpg
clean/image-443.jpg,noise/image-443.jpg
clean/image-444.jpg,noise/image-444.jpg
clean/image-445.jpg,noise/image-445.jpg
clean/image-446.jpg,noise/image-446.jpg
clean/image-447.jpg,noise/image-447.jpg
clean/image-448.jpg,noise/image-448.jpg
clean/image-449.jpg,noise/image-449.jpg
clean/image-450.jpg,noise/image-450.jpg
